RGID,RGSM,RGLB,Lane,Read1File,Read2File
CATACCTGAT,NegABL1134BB1-200866609-bma-1,UnknownLibrary,1,s3://genoptix-dragen-evaluation/MPN_Fastq/180821_M02313_0044_000000000-BV2W9/Project_QC_ABL1/Sample_NegABL1134BB1-200866609-bma-1/NegABL1134BB1-200866609-bma-1_S1_L001_R1_001.fastq.gz,s3://genoptix-dragen-evaluation/MPN_Fastq/180821_M02313_0044_000000000-BV2W9/Project_QC_ABL1/Sample_NegABL1134BB1-200866609-bma-1/NegABL1134BB1-200866609-bma-1_S1_L001_R2_001.fastq.gz
GACGTGCTTC,PosABL1134BC1-200875452-bma-1,UnknownLibrary,1,s3://genoptix-dragen-evaluation/MPN_Fastq/180821_M02313_0044_000000000-BV2W9/Project_QC_ABL1/Sample_PosABL1134BC1-200875452-bma-1/PosABL1134BC1-200875452-bma-1_S2_L001_R1_001.fastq.gz,s3://genoptix-dragen-evaluation/MPN_Fastq/180821_M02313_0044_000000000-BV2W9/Project_QC_ABL1/Sample_PosABL1134BC1-200875452-bma-1/PosABL1134BC1-200875452-bma-1_S2_L001_R2_001.fastq.gz
ATTGTGGAGT,FghbfHABL-200883723-pb-1,UnknownLibrary,1,s3://genoptix-dragen-evaluation/MPN_Fastq/180821_M02313_0044_000000000-BV2W9/Project_ABL1/Sample_FghbfHABL-200883723-pb-1/FghbfHABL-200883723-pb-1_S3_L001_R1_001.fastq.gz,s3://genoptix-dragen-evaluation/MPN_Fastq/180821_M02313_0044_000000000-BV2W9/Project_ABL1/Sample_FghbfHABL-200883723-pb-1/FghbfHABL-200883723-pb-1_S3_L001_R2_001.fastq.gz
TCTGGTCTCA,CchhcIABL-200883765-pb-1,UnknownLibrary,1,s3://genoptix-dragen-evaluation/MPN_Fastq/180821_M02313_0044_000000000-BV2W9/Project_ABL1/Sample_CchhcIABL-200883765-pb-1/CchhcIABL-200883765-pb-1_S4_L001_R1_001.fastq.gz,s3://genoptix-dragen-evaluation/MPN_Fastq/180821_M02313_0044_000000000-BV2W9/Project_ABL1/Sample_CchhcIABL-200883765-pb-1/CchhcIABL-200883765-pb-1_S4_L001_R2_001.fastq.gz
AGGTAAGAGG,GbhhiHABL-200883985-bma-1,UnknownLibrary,1,s3://genoptix-dragen-evaluation/MPN_Fastq/180821_M02313_0044_000000000-BV2W9/Project_ABL1/Sample_GbhhiHABL-200883985-bma-1/GbhhiHABL-200883985-bma-1_S5_L001_R1_001.fastq.gz,s3://genoptix-dragen-evaluation/MPN_Fastq/180821_M02313_0044_000000000-BV2W9/Project_ABL1/Sample_GbhhiHABL-200883985-bma-1/GbhhiHABL-200883985-bma-1_S5_L001_R2_001.fastq.gz
TCCTGACAGA,EhgfhBABL-200884168-pb-1,UnknownLibrary,1,s3://genoptix-dragen-evaluation/MPN_Fastq/180821_M02313_0044_000000000-BV2W9/Project_ABL1/Sample_EhgfhBABL-200884168-pb-1/EhgfhBABL-200884168-pb-1_S6_L001_R1_001.fastq.gz,s3://genoptix-dragen-evaluation/MPN_Fastq/180821_M02313_0044_000000000-BV2W9/Project_ABL1/Sample_EhgfhBABL-200884168-pb-1/EhgfhBABL-200884168-pb-1_S6_L001_R2_001.fastq.gz
GCACTGTTGC,EdhbiDABL-200884582-pb-1,UnknownLibrary,1,s3://genoptix-dragen-evaluation/MPN_Fastq/180821_M02313_0044_000000000-BV2W9/Project_ABL1/Sample_EdhbiDABL-200884582-pb-1/EdhbiDABL-200884582-pb-1_S7_L001_R1_001.fastq.gz,s3://genoptix-dragen-evaluation/MPN_Fastq/180821_M02313_0044_000000000-BV2W9/Project_ABL1/Sample_EdhbiDABL-200884582-pb-1/EdhbiDABL-200884582-pb-1_S7_L001_R2_001.fastq.gz
AATGCAGTGT,NegABL1134BB1-200866609-bma-2,UnknownLibrary,1,s3://genoptix-dragen-evaluation/MPN_Fastq/180821_M02313_0044_000000000-BV2W9/Project_QC_ABL1/Sample_NegABL1134BB1-200866609-bma-1/NegABL1134BB1-200866609-bma-2_S8_L001_R1_001.fastq.gz,s3://genoptix-dragen-evaluation/MPN_Fastq/180821_M02313_0044_000000000-BV2W9/Project_QC_ABL1/Sample_NegABL1134BB1-200866609-bma-1/NegABL1134BB1-200866609-bma-2_S8_L001_R2_001.fastq.gz
ATATGGTGGA,PosABL1134BC1-200875452-bma-2,UnknownLibrary,1,s3://genoptix-dragen-evaluation/MPN_Fastq/180821_M02313_0044_000000000-BV2W9/Project_QC_ABL1/Sample_PosABL1134BC1-200875452-bma-1/PosABL1134BC1-200875452-bma-2_S9_L001_R1_001.fastq.gz,s3://genoptix-dragen-evaluation/MPN_Fastq/180821_M02313_0044_000000000-BV2W9/Project_QC_ABL1/Sample_PosABL1134BC1-200875452-bma-1/PosABL1134BC1-200875452-bma-2_S9_L001_R2_001.fastq.gz
ACTCAGTTAC,FghbfHABL-200883723-pb-2,UnknownLibrary,1,s3://genoptix-dragen-evaluation/MPN_Fastq/180821_M02313_0044_000000000-BV2W9/Project_ABL1/Sample_FghbfHABL-200883723-pb-1/FghbfHABL-200883723-pb-2_S10_L001_R1_001.fastq.gz,s3://genoptix-dragen-evaluation/MPN_Fastq/180821_M02313_0044_000000000-BV2W9/Project_ABL1/Sample_FghbfHABL-200883723-pb-1/FghbfHABL-200883723-pb-2_S10_L001_R2_001.fastq.gz
AAGTGCGATG,CchhcIABL-200883765-pb-2,UnknownLibrary,1,s3://genoptix-dragen-evaluation/MPN_Fastq/180821_M02313_0044_000000000-BV2W9/Project_ABL1/Sample_CchhcIABL-200883765-pb-1/CchhcIABL-200883765-pb-2_S11_L001_R1_001.fastq.gz,s3://genoptix-dragen-evaluation/MPN_Fastq/180821_M02313_0044_000000000-BV2W9/Project_ABL1/Sample_CchhcIABL-200883765-pb-1/CchhcIABL-200883765-pb-2_S11_L001_R2_001.fastq.gz
CCACAGAGTG,GbhhiHABL-200883985-bma-2,UnknownLibrary,1,s3://genoptix-dragen-evaluation/MPN_Fastq/180821_M02313_0044_000000000-BV2W9/Project_ABL1/Sample_GbhhiHABL-200883985-bma-1/GbhhiHABL-200883985-bma-2_S12_L001_R1_001.fastq.gz,s3://genoptix-dragen-evaluation/MPN_Fastq/180821_M02313_0044_000000000-BV2W9/Project_ABL1/Sample_GbhhiHABL-200883985-bma-1/GbhhiHABL-200883985-bma-2_S12_L001_R2_001.fastq.gz
AGTGGTGATC,EhgfhBABL-200884168-pb-2,UnknownLibrary,1,s3://genoptix-dragen-evaluation/MPN_Fastq/180821_M02313_0044_000000000-BV2W9/Project_ABL1/Sample_EhgfhBABL-200884168-pb-1/EhgfhBABL-200884168-pb-2_S13_L001_R1_001.fastq.gz,s3://genoptix-dragen-evaluation/MPN_Fastq/180821_M02313_0044_000000000-BV2W9/Project_ABL1/Sample_EhgfhBABL-200884168-pb-1/EhgfhBABL-200884168-pb-2_S13_L001_R2_001.fastq.gz
ACTTCTTAGC,EdhbiDABL-200884582-pb-2,UnknownLibrary,1,s3://genoptix-dragen-evaluation/MPN_Fastq/180821_M02313_0044_000000000-BV2W9/Project_ABL1/Sample_EdhbiDABL-200884582-pb-1/EdhbiDABL-200884582-pb-2_S14_L001_R1_001.fastq.gz,s3://genoptix-dragen-evaluation/MPN_Fastq/180821_M02313_0044_000000000-BV2W9/Project_ABL1/Sample_EdhbiDABL-200884582-pb-1/EdhbiDABL-200884582-pb-2_S14_L001_R2_001.fastq.gz
GCCACATATA,GbffiEABL-200884702-pb-1,UnknownLibrary,1,s3://genoptix-dragen-evaluation/MPN_Fastq/180821_M02313_0044_000000000-BV2W9/Project_ABL1/Sample_GbffiEABL-200884702-pb-1/GbffiEABL-200884702-pb-1_S15_L001_R1_001.fastq.gz,s3://genoptix-dragen-evaluation/MPN_Fastq/180821_M02313_0044_000000000-BV2W9/Project_ABL1/Sample_GbffiEABL-200884702-pb-1/GbffiEABL-200884702-pb-1_S15_L001_R2_001.fastq.gz
ACGCAGGAGT,BiajaBABL-200884704-pb-1,UnknownLibrary,1,s3://genoptix-dragen-evaluation/MPN_Fastq/180821_M02313_0044_000000000-BV2W9/Project_ABL1/Sample_BiajaBABL-200884704-pb-1/BiajaBABL-200884704-pb-1_S16_L001_R1_001.fastq.gz,s3://genoptix-dragen-evaluation/MPN_Fastq/180821_M02313_0044_000000000-BV2W9/Project_ABL1/Sample_BiajaBABL-200884704-pb-1/BiajaBABL-200884704-pb-1_S16_L001_R2_001.fastq.gz
AATATGCTGC,GagdjCABL-200885044-pb-1,UnknownLibrary,1,s3://genoptix-dragen-evaluation/MPN_Fastq/180821_M02313_0044_000000000-BV2W9/Project_ABL1/Sample_GagdjCABL-200885044-pb-1/GagdjCABL-200885044-pb-1_S17_L001_R1_001.fastq.gz,s3://genoptix-dragen-evaluation/MPN_Fastq/180821_M02313_0044_000000000-BV2W9/Project_ABL1/Sample_GagdjCABL-200885044-pb-1/GagdjCABL-200885044-pb-1_S17_L001_R2_001.fastq.gz
AAGCGTAGAA,CiehcIABL-200885471-pb-1,UnknownLibrary,1,s3://genoptix-dragen-evaluation/MPN_Fastq/180821_M02313_0044_000000000-BV2W9/Project_ABL1/Sample_CiehcIABL-200885471-pb-1/CiehcIABL-200885471-pb-1_S18_L001_R1_001.fastq.gz,s3://genoptix-dragen-evaluation/MPN_Fastq/180821_M02313_0044_000000000-BV2W9/Project_ABL1/Sample_CiehcIABL-200885471-pb-1/CiehcIABL-200885471-pb-1_S18_L001_R2_001.fastq.gz
GACAGCAAGC,DefijBABL-200885482-pb-1,UnknownLibrary,1,s3://genoptix-dragen-evaluation/MPN_Fastq/180821_M02313_0044_000000000-BV2W9/Project_ABL1/Sample_DefijBABL-200885482-pb-1/DefijBABL-200885482-pb-1_S19_L001_R1_001.fastq.gz,s3://genoptix-dragen-evaluation/MPN_Fastq/180821_M02313_0044_000000000-BV2W9/Project_ABL1/Sample_DefijBABL-200885482-pb-1/DefijBABL-200885482-pb-1_S19_L001_R2_001.fastq.gz
TGGCTACGCT,GbffiEABL-200884702-pb-2,UnknownLibrary,1,s3://genoptix-dragen-evaluation/MPN_Fastq/180821_M02313_0044_000000000-BV2W9/Project_ABL1/Sample_GbffiEABL-200884702-pb-1/GbffiEABL-200884702-pb-2_S20_L001_R1_001.fastq.gz,s3://genoptix-dragen-evaluation/MPN_Fastq/180821_M02313_0044_000000000-BV2W9/Project_ABL1/Sample_GbffiEABL-200884702-pb-1/GbffiEABL-200884702-pb-2_S20_L001_R2_001.fastq.gz
ACGCGGACTA,BiajaBABL-200884704-pb-2,UnknownLibrary,1,s3://genoptix-dragen-evaluation/MPN_Fastq/180821_M02313_0044_000000000-BV2W9/Project_ABL1/Sample_BiajaBABL-200884704-pb-1/BiajaBABL-200884704-pb-2_S21_L001_R1_001.fastq.gz,s3://genoptix-dragen-evaluation/MPN_Fastq/180821_M02313_0044_000000000-BV2W9/Project_ABL1/Sample_BiajaBABL-200884704-pb-1/BiajaBABL-200884704-pb-2_S21_L001_R2_001.fastq.gz
AGAGGTCGGA,GagdjCABL-200885044-pb-2,UnknownLibrary,1,s3://genoptix-dragen-evaluation/MPN_Fastq/180821_M02313_0044_000000000-BV2W9/Project_ABL1/Sample_GagdjCABL-200885044-pb-1/GagdjCABL-200885044-pb-2_S22_L001_R1_001.fastq.gz,s3://genoptix-dragen-evaluation/MPN_Fastq/180821_M02313_0044_000000000-BV2W9/Project_ABL1/Sample_GagdjCABL-200885044-pb-1/GagdjCABL-200885044-pb-2_S22_L001_R2_001.fastq.gz
AATCGAGCGT,CiehcIABL-200885471-pb-2,UnknownLibrary,1,s3://genoptix-dragen-evaluation/MPN_Fastq/180821_M02313_0044_000000000-BV2W9/Project_ABL1/Sample_CiehcIABL-200885471-pb-1/CiehcIABL-200885471-pb-2_S23_L001_R1_001.fastq.gz,s3://genoptix-dragen-evaluation/MPN_Fastq/180821_M02313_0044_000000000-BV2W9/Project_ABL1/Sample_CiehcIABL-200885471-pb-1/CiehcIABL-200885471-pb-2_S23_L001_R2_001.fastq.gz
AAGTACACTC,DefijBABL-200885482-pb-2,UnknownLibrary,1,s3://genoptix-dragen-evaluation/MPN_Fastq/180821_M02313_0044_000000000-BV2W9/Project_ABL1/Sample_DefijBABL-200885482-pb-1/DefijBABL-200885482-pb-2_S24_L001_R1_001.fastq.gz,s3://genoptix-dragen-evaluation/MPN_Fastq/180821_M02313_0044_000000000-BV2W9/Project_ABL1/Sample_DefijBABL-200885482-pb-1/DefijBABL-200885482-pb-2_S24_L001_R2_001.fastq.gz
GTGTGGTTGT,GbgbaAMPN-200881951-pb-1,UnknownLibrary,1,s3://genoptix-dragen-evaluation/MPN_Fastq/180821_M02313_0044_000000000-BV2W9/Project_MPN/Sample_GbgbaAMPN-200881951-pb-1/GbgbaAMPN-200881951-pb-1_S25_L001_R1_001.fastq.gz,s3://genoptix-dragen-evaluation/MPN_Fastq/180821_M02313_0044_000000000-BV2W9/Project_MPN/Sample_GbgbaAMPN-200881951-pb-1/GbgbaAMPN-200881951-pb-1_S25_L001_R2_001.fastq.gz
TAGGTGGAAT,GbhjhDMPN-200884201-pb-1,UnknownLibrary,1,s3://genoptix-dragen-evaluation/MPN_Fastq/180821_M02313_0044_000000000-BV2W9/Project_MPN/Sample_GbhjhDMPN-200884201-pb-1/GbhjhDMPN-200884201-pb-1_S26_L001_R1_001.fastq.gz,s3://genoptix-dragen-evaluation/MPN_Fastq/180821_M02313_0044_000000000-BV2W9/Project_MPN/Sample_GbhjhDMPN-200884201-pb-1/GbhjhDMPN-200884201-pb-1_S26_L001_R2_001.fastq.gz
TGTAGGTGGA,GbiefEMPN-200884926-pb-1,UnknownLibrary,1,s3://genoptix-dragen-evaluation/MPN_Fastq/180821_M02313_0044_000000000-BV2W9/Project_MPN/Sample_GbiefEMPN-200884926-pb-1/GbiefEMPN-200884926-pb-1_S27_L001_R1_001.fastq.gz,s3://genoptix-dragen-evaluation/MPN_Fastq/180821_M02313_0044_000000000-BV2W9/Project_MPN/Sample_GbiefEMPN-200884926-pb-1/GbiefEMPN-200884926-pb-1_S27_L001_R2_001.fastq.gz
TTAGTGGTGA,FighbDMPN-200884972-pb-1,UnknownLibrary,1,s3://genoptix-dragen-evaluation/MPN_Fastq/180821_M02313_0044_000000000-BV2W9/Project_MPN/Sample_FighbDMPN-200884972-pb-1/FighbDMPN-200884972-pb-1_S28_L001_R1_001.fastq.gz,s3://genoptix-dragen-evaluation/MPN_Fastq/180821_M02313_0044_000000000-BV2W9/Project_MPN/Sample_FighbDMPN-200884972-pb-1/FighbDMPN-200884972-pb-1_S28_L001_R2_001.fastq.gz
GTGAAGGTAA,GbfeiJMPN-200885028-pb-1,UnknownLibrary,1,s3://genoptix-dragen-evaluation/MPN_Fastq/180821_M02313_0044_000000000-BV2W9/Project_MPN/Sample_GbfeiJMPN-200885028-pb-1/GbfeiJMPN-200885028-pb-1_S29_L001_R1_001.fastq.gz,s3://genoptix-dragen-evaluation/MPN_Fastq/180821_M02313_0044_000000000-BV2W9/Project_MPN/Sample_GbfeiJMPN-200885028-pb-1/GbfeiJMPN-200885028-pb-1_S29_L001_R2_001.fastq.gz
TGTTGTGGTA,GbifhGMPN-200885076-pb-1,UnknownLibrary,1,s3://genoptix-dragen-evaluation/MPN_Fastq/180821_M02313_0044_000000000-BV2W9/Project_MPN/Sample_GbifhGMPN-200885076-pb-1/GbifhGMPN-200885076-pb-1_S30_L001_R1_001.fastq.gz,s3://genoptix-dragen-evaluation/MPN_Fastq/180821_M02313_0044_000000000-BV2W9/Project_MPN/Sample_GbifhGMPN-200885076-pb-1/GbifhGMPN-200885076-pb-1_S30_L001_R2_001.fastq.gz
GTTGATGAGT,GbigbBMPN-200885119-pb-1,UnknownLibrary,1,s3://genoptix-dragen-evaluation/MPN_Fastq/180821_M02313_0044_000000000-BV2W9/Project_MPN/Sample_GbigbBMPN-200885119-pb-1/GbigbBMPN-200885119-pb-1_S31_L001_R1_001.fastq.gz,s3://genoptix-dragen-evaluation/MPN_Fastq/180821_M02313_0044_000000000-BV2W9/Project_MPN/Sample_GbigbBMPN-200885119-pb-1/GbigbBMPN-200885119-pb-1_S31_L001_R2_001.fastq.gz
GTAATGGAGT,GbgbaAMPN-200881951-pb-2,UnknownLibrary,1,s3://genoptix-dragen-evaluation/MPN_Fastq/180821_M02313_0044_000000000-BV2W9/Project_MPN/Sample_GbgbaAMPN-200881951-pb-1/GbgbaAMPN-200881951-pb-2_S32_L001_R1_001.fastq.gz,s3://genoptix-dragen-evaluation/MPN_Fastq/180821_M02313_0044_000000000-BV2W9/Project_MPN/Sample_GbgbaAMPN-200881951-pb-1/GbgbaAMPN-200881951-pb-2_S32_L001_R2_001.fastq.gz
CTCGTTATTC,GbhjhDMPN-200884201-pb-2,UnknownLibrary,1,s3://genoptix-dragen-evaluation/MPN_Fastq/180821_M02313_0044_000000000-BV2W9/Project_MPN/Sample_GbhjhDMPN-200884201-pb-1/GbhjhDMPN-200884201-pb-2_S33_L001_R1_001.fastq.gz,s3://genoptix-dragen-evaluation/MPN_Fastq/180821_M02313_0044_000000000-BV2W9/Project_MPN/Sample_GbhjhDMPN-200884201-pb-1/GbhjhDMPN-200884201-pb-2_S33_L001_R2_001.fastq.gz
GGAAGTAAGG,GbiefEMPN-200884926-pb-2,UnknownLibrary,1,s3://genoptix-dragen-evaluation/MPN_Fastq/180821_M02313_0044_000000000-BV2W9/Project_MPN/Sample_GbiefEMPN-200884926-pb-1/GbiefEMPN-200884926-pb-2_S34_L001_R1_001.fastq.gz,s3://genoptix-dragen-evaluation/MPN_Fastq/180821_M02313_0044_000000000-BV2W9/Project_MPN/Sample_GbiefEMPN-200884926-pb-1/GbiefEMPN-200884926-pb-2_S34_L001_R2_001.fastq.gz
CGGTGTGTGT,FighbDMPN-200884972-pb-2,UnknownLibrary,1,s3://genoptix-dragen-evaluation/MPN_Fastq/180821_M02313_0044_000000000-BV2W9/Project_MPN/Sample_FighbDMPN-200884972-pb-1/FighbDMPN-200884972-pb-2_S35_L001_R1_001.fastq.gz,s3://genoptix-dragen-evaluation/MPN_Fastq/180821_M02313_0044_000000000-BV2W9/Project_MPN/Sample_FighbDMPN-200884972-pb-1/FighbDMPN-200884972-pb-2_S35_L001_R2_001.fastq.gz
CGTCTTCTTA,GbfeiJMPN-200885028-pb-2,UnknownLibrary,1,s3://genoptix-dragen-evaluation/MPN_Fastq/180821_M02313_0044_000000000-BV2W9/Project_MPN/Sample_GbfeiJMPN-200885028-pb-1/GbfeiJMPN-200885028-pb-2_S36_L001_R1_001.fastq.gz,s3://genoptix-dragen-evaluation/MPN_Fastq/180821_M02313_0044_000000000-BV2W9/Project_MPN/Sample_GbfeiJMPN-200885028-pb-1/GbfeiJMPN-200885028-pb-2_S36_L001_R2_001.fastq.gz
TGTGAATCTC,GbifhGMPN-200885076-pb-2,UnknownLibrary,1,s3://genoptix-dragen-evaluation/MPN_Fastq/180821_M02313_0044_000000000-BV2W9/Project_MPN/Sample_GbifhGMPN-200885076-pb-1/GbifhGMPN-200885076-pb-2_S37_L001_R1_001.fastq.gz,s3://genoptix-dragen-evaluation/MPN_Fastq/180821_M02313_0044_000000000-BV2W9/Project_MPN/Sample_GbifhGMPN-200885076-pb-1/GbifhGMPN-200885076-pb-2_S37_L001_R2_001.fastq.gz
CTAATCGTGT,GbigbBMPN-200885119-pb-2,UnknownLibrary,1,s3://genoptix-dragen-evaluation/MPN_Fastq/180821_M02313_0044_000000000-BV2W9/Project_MPN/Sample_GbigbBMPN-200885119-pb-1/GbigbBMPN-200885119-pb-2_S38_L001_R1_001.fastq.gz,s3://genoptix-dragen-evaluation/MPN_Fastq/180821_M02313_0044_000000000-BV2W9/Project_MPN/Sample_GbigbBMPN-200885119-pb-1/GbigbBMPN-200885119-pb-2_S38_L001_R2_001.fastq.gz
CTCTTAGTTC,GbigbCMPN-200885120-bma-1,UnknownLibrary,1,s3://genoptix-dragen-evaluation/MPN_Fastq/180821_M02313_0044_000000000-BV2W9/Project_MPN/Sample_GbigbCMPN-200885120-bma-1/GbigbCMPN-200885120-bma-1_S39_L001_R1_001.fastq.gz,s3://genoptix-dragen-evaluation/MPN_Fastq/180821_M02313_0044_000000000-BV2W9/Project_MPN/Sample_GbigbCMPN-200885120-bma-1/GbigbCMPN-200885120-bma-1_S39_L001_R2_001.fastq.gz
GGATAGGATC,GabfbFMPN-200885135-pb-1,UnknownLibrary,1,s3://genoptix-dragen-evaluation/MPN_Fastq/180821_M02313_0044_000000000-BV2W9/Project_MPN/Sample_GabfbFMPN-200885135-pb-1/GabfbFMPN-200885135-pb-1_S40_L001_R1_001.fastq.gz,s3://genoptix-dragen-evaluation/MPN_Fastq/180821_M02313_0044_000000000-BV2W9/Project_MPN/Sample_GabfbFMPN-200885135-pb-1/GabfbFMPN-200885135-pb-1_S40_L001_R2_001.fastq.gz
GGTGTCTTGT,GbigdDMPN-200885153-pb-1,UnknownLibrary,1,s3://genoptix-dragen-evaluation/MPN_Fastq/180821_M02313_0044_000000000-BV2W9/Project_MPN/Sample_GbigdDMPN-200885153-pb-1/GbigdDMPN-200885153-pb-1_S41_L001_R1_001.fastq.gz,s3://genoptix-dragen-evaluation/MPN_Fastq/180821_M02313_0044_000000000-BV2W9/Project_MPN/Sample_GbigdDMPN-200885153-pb-1/GbigdDMPN-200885153-pb-1_S41_L001_R2_001.fastq.gz
GATGGTTGTA,GbiggAMPN-200885192-pb-1,UnknownLibrary,1,s3://genoptix-dragen-evaluation/MPN_Fastq/180821_M02313_0044_000000000-BV2W9/Project_MPN/Sample_GbiggAMPN-200885192-pb-1/GbiggAMPN-200885192-pb-1_S42_L001_R1_001.fastq.gz,s3://genoptix-dragen-evaluation/MPN_Fastq/180821_M02313_0044_000000000-BV2W9/Project_MPN/Sample_GbiggAMPN-200885192-pb-1/GbiggAMPN-200885192-pb-1_S42_L001_R2_001.fastq.gz
CCTCGTTGTT,GbiheIMPN-200885308-pb-1,UnknownLibrary,1,s3://genoptix-dragen-evaluation/MPN_Fastq/180821_M02313_0044_000000000-BV2W9/Project_MPN/Sample_GbiheIMPN-200885308-pb-1/GbiheIMPN-200885308-pb-1_S43_L001_R1_001.fastq.gz,s3://genoptix-dragen-evaluation/MPN_Fastq/180821_M02313_0044_000000000-BV2W9/Project_MPN/Sample_GbiheIMPN-200885308-pb-1/GbiheIMPN-200885308-pb-1_S43_L001_R2_001.fastq.gz
GGTTGGAGTT,GbihiCMPN-200885345-bma-1,UnknownLibrary,1,s3://genoptix-dragen-evaluation/MPN_Fastq/180821_M02313_0044_000000000-BV2W9/Project_MPN/Sample_GbihiCMPN-200885345-bma-1/GbihiCMPN-200885345-bma-1_S44_L001_R1_001.fastq.gz,s3://genoptix-dragen-evaluation/MPN_Fastq/180821_M02313_0044_000000000-BV2W9/Project_MPN/Sample_GbihiCMPN-200885345-bma-1/GbihiCMPN-200885345-bma-1_S44_L001_R2_001.fastq.gz
TGGTGTCCGT,GbiibCMPN-200885394-pb-1,UnknownLibrary,1,s3://genoptix-dragen-evaluation/MPN_Fastq/180821_M02313_0044_000000000-BV2W9/Project_MPN/Sample_GbiibCMPN-200885394-pb-1/GbiibCMPN-200885394-pb-1_S45_L001_R1_001.fastq.gz,s3://genoptix-dragen-evaluation/MPN_Fastq/180821_M02313_0044_000000000-BV2W9/Project_MPN/Sample_GbiibCMPN-200885394-pb-1/GbiibCMPN-200885394-pb-1_S45_L001_R2_001.fastq.gz
CGTTAGCGTA,GbiicGMPN-200885412-pb-1,UnknownLibrary,1,s3://genoptix-dragen-evaluation/MPN_Fastq/180821_M02313_0044_000000000-BV2W9/Project_MPN/Sample_GbiicGMPN-200885412-pb-1/GbiicGMPN-200885412-pb-1_S46_L001_R1_001.fastq.gz,s3://genoptix-dragen-evaluation/MPN_Fastq/180821_M02313_0044_000000000-BV2W9/Project_MPN/Sample_GbiicGMPN-200885412-pb-1/GbiicGMPN-200885412-pb-1_S46_L001_R2_001.fastq.gz
TACTAGGATC,GbigbCMPN-200885120-bma-2,UnknownLibrary,1,s3://genoptix-dragen-evaluation/MPN_Fastq/180821_M02313_0044_000000000-BV2W9/Project_MPN/Sample_GbigbCMPN-200885120-bma-1/GbigbCMPN-200885120-bma-2_S47_L001_R1_001.fastq.gz,s3://genoptix-dragen-evaluation/MPN_Fastq/180821_M02313_0044_000000000-BV2W9/Project_MPN/Sample_GbigbCMPN-200885120-bma-1/GbigbCMPN-200885120-bma-2_S47_L001_R2_001.fastq.gz
GTCTCAATGT,GabfbFMPN-200885135-pb-2,UnknownLibrary,1,s3://genoptix-dragen-evaluation/MPN_Fastq/180821_M02313_0044_000000000-BV2W9/Project_MPN/Sample_GabfbFMPN-200885135-pb-1/GabfbFMPN-200885135-pb-2_S48_L001_R1_001.fastq.gz,s3://genoptix-dragen-evaluation/MPN_Fastq/180821_M02313_0044_000000000-BV2W9/Project_MPN/Sample_GabfbFMPN-200885135-pb-1/GabfbFMPN-200885135-pb-2_S48_L001_R2_001.fastq.gz
GATGAGGTAT,GbigdDMPN-200885153-pb-2,UnknownLibrary,1,s3://genoptix-dragen-evaluation/MPN_Fastq/180821_M02313_0044_000000000-BV2W9/Project_MPN/Sample_GbigdDMPN-200885153-pb-1/GbigdDMPN-200885153-pb-2_S49_L001_R1_001.fastq.gz,s3://genoptix-dragen-evaluation/MPN_Fastq/180821_M02313_0044_000000000-BV2W9/Project_MPN/Sample_GbigdDMPN-200885153-pb-1/GbigdDMPN-200885153-pb-2_S49_L001_R2_001.fastq.gz
GGTGTTAGTG,GbiggAMPN-200885192-pb-2,UnknownLibrary,1,s3://genoptix-dragen-evaluation/MPN_Fastq/180821_M02313_0044_000000000-BV2W9/Project_MPN/Sample_GbiggAMPN-200885192-pb-1/GbiggAMPN-200885192-pb-2_S50_L001_R1_001.fastq.gz,s3://genoptix-dragen-evaluation/MPN_Fastq/180821_M02313_0044_000000000-BV2W9/Project_MPN/Sample_GbiggAMPN-200885192-pb-1/GbiggAMPN-200885192-pb-2_S50_L001_R2_001.fastq.gz
CATTCTCTGA,GbiheIMPN-200885308-pb-2,UnknownLibrary,1,s3://genoptix-dragen-evaluation/MPN_Fastq/180821_M02313_0044_000000000-BV2W9/Project_MPN/Sample_GbiheIMPN-200885308-pb-1/GbiheIMPN-200885308-pb-2_S51_L001_R1_001.fastq.gz,s3://genoptix-dragen-evaluation/MPN_Fastq/180821_M02313_0044_000000000-BV2W9/Project_MPN/Sample_GbiheIMPN-200885308-pb-1/GbiheIMPN-200885308-pb-2_S51_L001_R2_001.fastq.gz
CATCTGGAGT,GbihiCMPN-200885345-bma-2,UnknownLibrary,1,s3://genoptix-dragen-evaluation/MPN_Fastq/180821_M02313_0044_000000000-BV2W9/Project_MPN/Sample_GbihiCMPN-200885345-bma-1/GbihiCMPN-200885345-bma-2_S52_L001_R1_001.fastq.gz,s3://genoptix-dragen-evaluation/MPN_Fastq/180821_M02313_0044_000000000-BV2W9/Project_MPN/Sample_GbihiCMPN-200885345-bma-1/GbihiCMPN-200885345-bma-2_S52_L001_R2_001.fastq.gz
GAATGGAAGA,GbiibCMPN-200885394-pb-2,UnknownLibrary,1,s3://genoptix-dragen-evaluation/MPN_Fastq/180821_M02313_0044_000000000-BV2W9/Project_MPN/Sample_GbiibCMPN-200885394-pb-1/GbiibCMPN-200885394-pb-2_S53_L001_R1_001.fastq.gz,s3://genoptix-dragen-evaluation/MPN_Fastq/180821_M02313_0044_000000000-BV2W9/Project_MPN/Sample_GbiibCMPN-200885394-pb-1/GbiibCMPN-200885394-pb-2_S53_L001_R2_001.fastq.gz
GGCTGTGATC,GbiicGMPN-200885412-pb-2,UnknownLibrary,1,s3://genoptix-dragen-evaluation/MPN_Fastq/180821_M02313_0044_000000000-BV2W9/Project_MPN/Sample_GbiicGMPN-200885412-pb-1/GbiicGMPN-200885412-pb-2_S54_L001_R1_001.fastq.gz,s3://genoptix-dragen-evaluation/MPN_Fastq/180821_M02313_0044_000000000-BV2W9/Project_MPN/Sample_GbiicGMPN-200885412-pb-1/GbiicGMPN-200885412-pb-2_S54_L001_R2_001.fastq.gz
TGGTGCTGGA,GbigjDMPN-200885426-pb-1,UnknownLibrary,1,s3://genoptix-dragen-evaluation/MPN_Fastq/180821_M02313_0044_000000000-BV2W9/Project_MPN/Sample_GbigjDMPN-200885426-pb-1/GbigjDMPN-200885426-pb-1_S55_L001_R1_001.fastq.gz,s3://genoptix-dragen-evaluation/MPN_Fastq/180821_M02313_0044_000000000-BV2W9/Project_MPN/Sample_GbigjDMPN-200885426-pb-1/GbigjDMPN-200885426-pb-1_S55_L001_R2_001.fastq.gz
TATGGTAAGG,GbiigEMPN-200885462-pb-1,UnknownLibrary,1,s3://genoptix-dragen-evaluation/MPN_Fastq/180821_M02313_0044_000000000-BV2W9/Project_MPN/Sample_GbiigEMPN-200885462-pb-1/GbiigEMPN-200885462-pb-1_S56_L001_R1_001.fastq.gz,s3://genoptix-dragen-evaluation/MPN_Fastq/180821_M02313_0044_000000000-BV2W9/Project_MPN/Sample_GbiigEMPN-200885462-pb-1/GbiigEMPN-200885462-pb-1_S56_L001_R2_001.fastq.gz
GTTCGATTGT,GbiihAMPN-200885480-pb-1,UnknownLibrary,1,s3://genoptix-dragen-evaluation/MPN_Fastq/180821_M02313_0044_000000000-BV2W9/Project_MPN/Sample_GbiihAMPN-200885480-pb-1/GbiihAMPN-200885480-pb-1_S57_L001_R1_001.fastq.gz,s3://genoptix-dragen-evaluation/MPN_Fastq/180821_M02313_0044_000000000-BV2W9/Project_MPN/Sample_GbiihAMPN-200885480-pb-1/GbiihAMPN-200885480-pb-1_S57_L001_R2_001.fastq.gz
GGTAGAATGA,GbiihDMPN-200885484-pb-1,UnknownLibrary,1,s3://genoptix-dragen-evaluation/MPN_Fastq/180821_M02313_0044_000000000-BV2W9/Project_MPN/Sample_GbiihDMPN-200885484-pb-1/GbiihDMPN-200885484-pb-1_S58_L001_R1_001.fastq.gz,s3://genoptix-dragen-evaluation/MPN_Fastq/180821_M02313_0044_000000000-BV2W9/Project_MPN/Sample_GbiihDMPN-200885484-pb-1/GbiihDMPN-200885484-pb-1_S58_L001_R2_001.fastq.gz
TTCTCATCGT,GbiijAMPN-200885514-pb-1,UnknownLibrary,1,s3://genoptix-dragen-evaluation/MPN_Fastq/180821_M02313_0044_000000000-BV2W9/Project_MPN/Sample_GbiijAMPN-200885514-pb-1/GbiijAMPN-200885514-pb-1_S59_L001_R1_001.fastq.gz,s3://genoptix-dragen-evaluation/MPN_Fastq/180821_M02313_0044_000000000-BV2W9/Project_MPN/Sample_GbiijAMPN-200885514-pb-1/GbiijAMPN-200885514-pb-1_S59_L001_R2_001.fastq.gz
CTCAATCGTA,GbiaaBMPN-200884259-pb-1,UnknownLibrary,1,s3://genoptix-dragen-evaluation/MPN_Fastq/180821_M02313_0044_000000000-BV2W9/Project_MPN/Sample_GbiaaBMPN-200884259-pb-1/GbiaaBMPN-200884259-pb-1_S60_L001_R1_001.fastq.gz,s3://genoptix-dragen-evaluation/MPN_Fastq/180821_M02313_0044_000000000-BV2W9/Project_MPN/Sample_GbiaaBMPN-200884259-pb-1/GbiaaBMPN-200884259-pb-1_S60_L001_R2_001.fastq.gz
CGCTAATGTA,NegMPN776G5-200872374-bma-1,UnknownLibrary,1,s3://genoptix-dragen-evaluation/MPN_Fastq/180821_M02313_0044_000000000-BV2W9/Project_QC_MPN/Sample_NegMPN776G5-200872374-bma-1/NegMPN776G5-200872374-bma-1_S61_L001_R1_001.fastq.gz,s3://genoptix-dragen-evaluation/MPN_Fastq/180821_M02313_0044_000000000-BV2W9/Project_QC_MPN/Sample_NegMPN776G5-200872374-bma-1/NegMPN776G5-200872374-bma-1_S61_L001_R2_001.fastq.gz
GCGTCTGAAT,PosMPN776H5-200864926-pb-1,UnknownLibrary,1,s3://genoptix-dragen-evaluation/MPN_Fastq/180821_M02313_0044_000000000-BV2W9/Project_QC_MPN/Sample_PosMPN776H5-200864926-pb-1/PosMPN776H5-200864926-pb-1_S62_L001_R1_001.fastq.gz,s3://genoptix-dragen-evaluation/MPN_Fastq/180821_M02313_0044_000000000-BV2W9/Project_QC_MPN/Sample_PosMPN776H5-200864926-pb-1/PosMPN776H5-200864926-pb-1_S62_L001_R2_001.fastq.gz
TTCTGTTGCC,GbigjDMPN-200885426-pb-2,UnknownLibrary,1,s3://genoptix-dragen-evaluation/MPN_Fastq/180821_M02313_0044_000000000-BV2W9/Project_MPN/Sample_GbigjDMPN-200885426-pb-1/GbigjDMPN-200885426-pb-2_S63_L001_R1_001.fastq.gz,s3://genoptix-dragen-evaluation/MPN_Fastq/180821_M02313_0044_000000000-BV2W9/Project_MPN/Sample_GbigjDMPN-200885426-pb-1/GbigjDMPN-200885426-pb-2_S63_L001_R2_001.fastq.gz
TTGTCCTTGC,GbiigEMPN-200885462-pb-2,UnknownLibrary,1,s3://genoptix-dragen-evaluation/MPN_Fastq/180821_M02313_0044_000000000-BV2W9/Project_MPN/Sample_GbiigEMPN-200885462-pb-1/GbiigEMPN-200885462-pb-2_S64_L001_R1_001.fastq.gz,s3://genoptix-dragen-evaluation/MPN_Fastq/180821_M02313_0044_000000000-BV2W9/Project_MPN/Sample_GbiigEMPN-200885462-pb-1/GbiigEMPN-200885462-pb-2_S64_L001_R2_001.fastq.gz
CCTGTGTAGA,GbiihAMPN-200885480-pb-2,UnknownLibrary,1,s3://genoptix-dragen-evaluation/MPN_Fastq/180821_M02313_0044_000000000-BV2W9/Project_MPN/Sample_GbiihAMPN-200885480-pb-1/GbiihAMPN-200885480-pb-2_S65_L001_R1_001.fastq.gz,s3://genoptix-dragen-evaluation/MPN_Fastq/180821_M02313_0044_000000000-BV2W9/Project_MPN/Sample_GbiihAMPN-200885480-pb-1/GbiihAMPN-200885480-pb-2_S65_L001_R2_001.fastq.gz
GATAAGAAGG,GbiihDMPN-200885484-pb-2,UnknownLibrary,1,s3://genoptix-dragen-evaluation/MPN_Fastq/180821_M02313_0044_000000000-BV2W9/Project_MPN/Sample_GbiihDMPN-200885484-pb-1/GbiihDMPN-200885484-pb-2_S66_L001_R1_001.fastq.gz,s3://genoptix-dragen-evaluation/MPN_Fastq/180821_M02313_0044_000000000-BV2W9/Project_MPN/Sample_GbiihDMPN-200885484-pb-1/GbiihDMPN-200885484-pb-2_S66_L001_R2_001.fastq.gz
CAGGTCACAT,GbiijAMPN-200885514-pb-2,UnknownLibrary,1,s3://genoptix-dragen-evaluation/MPN_Fastq/180821_M02313_0044_000000000-BV2W9/Project_MPN/Sample_GbiijAMPN-200885514-pb-1/GbiijAMPN-200885514-pb-2_S67_L001_R1_001.fastq.gz,s3://genoptix-dragen-evaluation/MPN_Fastq/180821_M02313_0044_000000000-BV2W9/Project_MPN/Sample_GbiijAMPN-200885514-pb-1/GbiijAMPN-200885514-pb-2_S67_L001_R2_001.fastq.gz
GCCATGTCAT,GbiaaBMPN-200884259-pb-2,UnknownLibrary,1,s3://genoptix-dragen-evaluation/MPN_Fastq/180821_M02313_0044_000000000-BV2W9/Project_MPN/Sample_GbiaaBMPN-200884259-pb-1/GbiaaBMPN-200884259-pb-2_S68_L001_R1_001.fastq.gz,s3://genoptix-dragen-evaluation/MPN_Fastq/180821_M02313_0044_000000000-BV2W9/Project_MPN/Sample_GbiaaBMPN-200884259-pb-1/GbiaaBMPN-200884259-pb-2_S68_L001_R2_001.fastq.gz
TCTGCCTATA,NegMPN776G5-200872374-bma-2,UnknownLibrary,1,s3://genoptix-dragen-evaluation/MPN_Fastq/180821_M02313_0044_000000000-BV2W9/Project_QC_MPN/Sample_NegMPN776G5-200872374-bma-1/NegMPN776G5-200872374-bma-2_S69_L001_R1_001.fastq.gz,s3://genoptix-dragen-evaluation/MPN_Fastq/180821_M02313_0044_000000000-BV2W9/Project_QC_MPN/Sample_NegMPN776G5-200872374-bma-1/NegMPN776G5-200872374-bma-2_S69_L001_R2_001.fastq.gz
CTTAGTTCGC,PosMPN776H5-200864926-pb-2,UnknownLibrary,1,s3://genoptix-dragen-evaluation/MPN_Fastq/180821_M02313_0044_000000000-BV2W9/Project_QC_MPN/Sample_PosMPN776H5-200864926-pb-1/PosMPN776H5-200864926-pb-2_S70_L001_R1_001.fastq.gz,s3://genoptix-dragen-evaluation/MPN_Fastq/180821_M02313_0044_000000000-BV2W9/Project_QC_MPN/Sample_PosMPN776H5-200864926-pb-1/PosMPN776H5-200864926-pb-2_S70_L001_R2_001.fastq.gz
TTGCTTAGTC,GbiibHMPN-200885566-pb-1,UnknownLibrary,1,s3://genoptix-dragen-evaluation/MPN_Fastq/180821_M02313_0044_000000000-BV2W9/Project_MPN/Sample_GbiibHMPN-200885566-pb-1/GbiibHMPN-200885566-pb-1_S71_L001_R1_001.fastq.gz,s3://genoptix-dragen-evaluation/MPN_Fastq/180821_M02313_0044_000000000-BV2W9/Project_MPN/Sample_GbiibHMPN-200885566-pb-1/GbiibHMPN-200885566-pb-1_S71_L001_R2_001.fastq.gz
TCTTGTTCAC,GbijeJMPN-200885619-pb-1,UnknownLibrary,1,s3://genoptix-dragen-evaluation/MPN_Fastq/180821_M02313_0044_000000000-BV2W9/Project_MPN/Sample_GbijeJMPN-200885619-pb-1/GbijeJMPN-200885619-pb-1_S72_L001_R1_001.fastq.gz,s3://genoptix-dragen-evaluation/MPN_Fastq/180821_M02313_0044_000000000-BV2W9/Project_MPN/Sample_GbijeJMPN-200885619-pb-1/GbijeJMPN-200885619-pb-1_S72_L001_R2_001.fastq.gz
GTGGCTTCGT,GbjabDMPN-200885685-pb-1,UnknownLibrary,1,s3://genoptix-dragen-evaluation/MPN_Fastq/180821_M02313_0044_000000000-BV2W9/Project_MPN/Sample_GbjabDMPN-200885685-pb-1/GbjabDMPN-200885685-pb-1_S73_L001_R1_001.fastq.gz,s3://genoptix-dragen-evaluation/MPN_Fastq/180821_M02313_0044_000000000-BV2W9/Project_MPN/Sample_GbjabDMPN-200885685-pb-1/GbjabDMPN-200885685-pb-1_S73_L001_R2_001.fastq.gz
TGTTCGATAG,GbjaaBMPN-200885689-pb-1,UnknownLibrary,1,s3://genoptix-dragen-evaluation/MPN_Fastq/180821_M02313_0044_000000000-BV2W9/Project_MPN/Sample_GbjaaBMPN-200885689-pb-1/GbjaaBMPN-200885689-pb-1_S74_L001_R1_001.fastq.gz,s3://genoptix-dragen-evaluation/MPN_Fastq/180821_M02313_0044_000000000-BV2W9/Project_MPN/Sample_GbjaaBMPN-200885689-pb-1/GbjaaBMPN-200885689-pb-1_S74_L001_R2_001.fastq.gz
TCATTCAGTG,GbjaaCMPN-200885690-pb-1,UnknownLibrary,1,s3://genoptix-dragen-evaluation/MPN_Fastq/180821_M02313_0044_000000000-BV2W9/Project_MPN/Sample_GbjaaCMPN-200885690-pb-1/GbjaaCMPN-200885690-pb-1_S75_L001_R1_001.fastq.gz,s3://genoptix-dragen-evaluation/MPN_Fastq/180821_M02313_0044_000000000-BV2W9/Project_MPN/Sample_GbjaaCMPN-200885690-pb-1/GbjaaCMPN-200885690-pb-1_S75_L001_R2_001.fastq.gz
GTGGAGAGCT,GbjacCMPN-200885702-bma-1,UnknownLibrary,1,s3://genoptix-dragen-evaluation/MPN_Fastq/180821_M02313_0044_000000000-BV2W9/Project_MPN/Sample_GbjacCMPN-200885702-bma-1/GbjacCMPN-200885702-bma-1_S76_L001_R1_001.fastq.gz,s3://genoptix-dragen-evaluation/MPN_Fastq/180821_M02313_0044_000000000-BV2W9/Project_MPN/Sample_GbjacCMPN-200885702-bma-1/GbjacCMPN-200885702-bma-1_S76_L001_R2_001.fastq.gz
GTAGAAGTGG,GbgdhFMPN-200885718-bma-1,UnknownLibrary,1,s3://genoptix-dragen-evaluation/MPN_Fastq/180821_M02313_0044_000000000-BV2W9/Project_MPN/Sample_GbgdhFMPN-200885718-bma-1/GbgdhFMPN-200885718-bma-1_S77_L001_R1_001.fastq.gz,s3://genoptix-dragen-evaluation/MPN_Fastq/180821_M02313_0044_000000000-BV2W9/Project_MPN/Sample_GbgdhFMPN-200885718-bma-1/GbgdhFMPN-200885718-bma-1_S77_L001_R2_001.fastq.gz
GAAGGAGATA,GbiibHMPN-200885566-pb-2,UnknownLibrary,1,s3://genoptix-dragen-evaluation/MPN_Fastq/180821_M02313_0044_000000000-BV2W9/Project_MPN/Sample_GbiibHMPN-200885566-pb-1/GbiibHMPN-200885566-pb-2_S78_L001_R1_001.fastq.gz,s3://genoptix-dragen-evaluation/MPN_Fastq/180821_M02313_0044_000000000-BV2W9/Project_MPN/Sample_GbiibHMPN-200885566-pb-1/GbiibHMPN-200885566-pb-2_S78_L001_R2_001.fastq.gz
CGAATGTATG,GbijeJMPN-200885619-pb-2,UnknownLibrary,1,s3://genoptix-dragen-evaluation/MPN_Fastq/180821_M02313_0044_000000000-BV2W9/Project_MPN/Sample_GbijeJMPN-200885619-pb-1/GbijeJMPN-200885619-pb-2_S79_L001_R1_001.fastq.gz,s3://genoptix-dragen-evaluation/MPN_Fastq/180821_M02313_0044_000000000-BV2W9/Project_MPN/Sample_GbijeJMPN-200885619-pb-1/GbijeJMPN-200885619-pb-2_S79_L001_R2_001.fastq.gz
TCGTGAATGA,GbjabDMPN-200885685-pb-2,UnknownLibrary,1,s3://genoptix-dragen-evaluation/MPN_Fastq/180821_M02313_0044_000000000-BV2W9/Project_MPN/Sample_GbjabDMPN-200885685-pb-1/GbjabDMPN-200885685-pb-2_S80_L001_R1_001.fastq.gz,s3://genoptix-dragen-evaluation/MPN_Fastq/180821_M02313_0044_000000000-BV2W9/Project_MPN/Sample_GbjabDMPN-200885685-pb-1/GbjabDMPN-200885685-pb-2_S80_L001_R2_001.fastq.gz
GAATAGCTGA,GbjaaBMPN-200885689-pb-2,UnknownLibrary,1,s3://genoptix-dragen-evaluation/MPN_Fastq/180821_M02313_0044_000000000-BV2W9/Project_MPN/Sample_GbjaaBMPN-200885689-pb-1/GbjaaBMPN-200885689-pb-2_S81_L001_R1_001.fastq.gz,s3://genoptix-dragen-evaluation/MPN_Fastq/180821_M02313_0044_000000000-BV2W9/Project_MPN/Sample_GbjaaBMPN-200885689-pb-1/GbjaaBMPN-200885689-pb-2_S81_L001_R2_001.fastq.gz
TTGTCACATC,GbjaaCMPN-200885690-pb-2,UnknownLibrary,1,s3://genoptix-dragen-evaluation/MPN_Fastq/180821_M02313_0044_000000000-BV2W9/Project_MPN/Sample_GbjaaCMPN-200885690-pb-1/GbjaaCMPN-200885690-pb-2_S82_L001_R1_001.fastq.gz,s3://genoptix-dragen-evaluation/MPN_Fastq/180821_M02313_0044_000000000-BV2W9/Project_MPN/Sample_GbjaaCMPN-200885690-pb-1/GbjaaCMPN-200885690-pb-2_S82_L001_R2_001.fastq.gz
CTGGAGGCTA,GbjacCMPN-200885702-bma-2,UnknownLibrary,1,s3://genoptix-dragen-evaluation/MPN_Fastq/180821_M02313_0044_000000000-BV2W9/Project_MPN/Sample_GbjacCMPN-200885702-bma-1/GbjacCMPN-200885702-bma-2_S83_L001_R1_001.fastq.gz,s3://genoptix-dragen-evaluation/MPN_Fastq/180821_M02313_0044_000000000-BV2W9/Project_MPN/Sample_GbjacCMPN-200885702-bma-1/GbjacCMPN-200885702-bma-2_S83_L001_R2_001.fastq.gz
TGTCAGCTTA,GbgdhFMPN-200885718-bma-2,UnknownLibrary,1,s3://genoptix-dragen-evaluation/MPN_Fastq/180821_M02313_0044_000000000-BV2W9/Project_MPN/Sample_GbgdhFMPN-200885718-bma-1/GbgdhFMPN-200885718-bma-2_S84_L001_R1_001.fastq.gz,s3://genoptix-dragen-evaluation/MPN_Fastq/180821_M02313_0044_000000000-BV2W9/Project_MPN/Sample_GbgdhFMPN-200885718-bma-1/GbgdhFMPN-200885718-bma-2_S84_L001_R2_001.fastq.gz
GTTCTTCGTA,GbjaiCMPN-200885774-pb-1,UnknownLibrary,1,s3://genoptix-dragen-evaluation/MPN_Fastq/180821_M02313_0044_000000000-BV2W9/Project_MPN/Sample_GbjaiCMPN-200885774-pb-1/GbjaiCMPN-200885774-pb-1_S85_L001_R1_001.fastq.gz,s3://genoptix-dragen-evaluation/MPN_Fastq/180821_M02313_0044_000000000-BV2W9/Project_MPN/Sample_GbjaiCMPN-200885774-pb-1/GbjaiCMPN-200885774-pb-1_S85_L001_R2_001.fastq.gz
TTACACGTTC,GbihgFMPN-200885779-pb-1,UnknownLibrary,1,s3://genoptix-dragen-evaluation/MPN_Fastq/180821_M02313_0044_000000000-BV2W9/Project_MPN/Sample_GbihgFMPN-200885779-pb-1/GbihgFMPN-200885779-pb-1_S86_L001_R1_001.fastq.gz,s3://genoptix-dragen-evaluation/MPN_Fastq/180821_M02313_0044_000000000-BV2W9/Project_MPN/Sample_GbihgFMPN-200885779-pb-1/GbihgFMPN-200885779-pb-1_S86_L001_R2_001.fastq.gz
GTAGCCAGTA,GbjajJMPN-200885799-pb-1,UnknownLibrary,1,s3://genoptix-dragen-evaluation/MPN_Fastq/180821_M02313_0044_000000000-BV2W9/Project_MPN/Sample_GbjajJMPN-200885799-pb-1/GbjajJMPN-200885799-pb-1_S87_L001_R1_001.fastq.gz,s3://genoptix-dragen-evaluation/MPN_Fastq/180821_M02313_0044_000000000-BV2W9/Project_MPN/Sample_GbjajJMPN-200885799-pb-1/GbjajJMPN-200885799-pb-1_S87_L001_R2_001.fastq.gz
TGAGAAGGTA,GbjbbCMPN-200885826-pb-1,UnknownLibrary,1,s3://genoptix-dragen-evaluation/MPN_Fastq/180821_M02313_0044_000000000-BV2W9/Project_MPN/Sample_GbjbbCMPN-200885826-pb-1/GbjbbCMPN-200885826-pb-1_S88_L001_R1_001.fastq.gz,s3://genoptix-dragen-evaluation/MPN_Fastq/180821_M02313_0044_000000000-BV2W9/Project_MPN/Sample_GbjbbCMPN-200885826-pb-1/GbjbbCMPN-200885826-pb-1_S88_L001_R2_001.fastq.gz
CCATATGATC,GbjbbDMPN-200885827-pb-1,UnknownLibrary,1,s3://genoptix-dragen-evaluation/MPN_Fastq/180821_M02313_0044_000000000-BV2W9/Project_MPN/Sample_GbjbbDMPN-200885827-pb-1/GbjbbDMPN-200885827-pb-1_S89_L001_R1_001.fastq.gz,s3://genoptix-dragen-evaluation/MPN_Fastq/180821_M02313_0044_000000000-BV2W9/Project_MPN/Sample_GbjbbDMPN-200885827-pb-1/GbjbbDMPN-200885827-pb-1_S89_L001_R2_001.fastq.gz
CGATCCTATA,IfdfHMPN-200885829-pb-1,UnknownLibrary,1,s3://genoptix-dragen-evaluation/MPN_Fastq/180821_M02313_0044_000000000-BV2W9/Project_MPN/Sample_IfdfHMPN-200885829-pb-1/IfdfHMPN-200885829-pb-1_S90_L001_R1_001.fastq.gz,s3://genoptix-dragen-evaluation/MPN_Fastq/180821_M02313_0044_000000000-BV2W9/Project_MPN/Sample_IfdfHMPN-200885829-pb-1/IfdfHMPN-200885829-pb-1_S90_L001_R2_001.fastq.gz
TGACTAGCTT,GbihhBMPN-200885830-pb-1,UnknownLibrary,1,s3://genoptix-dragen-evaluation/MPN_Fastq/180821_M02313_0044_000000000-BV2W9/Project_MPN/Sample_GbihhBMPN-200885830-pb-1/GbihhBMPN-200885830-pb-1_S91_L001_R1_001.fastq.gz,s3://genoptix-dragen-evaluation/MPN_Fastq/180821_M02313_0044_000000000-BV2W9/Project_MPN/Sample_GbihhBMPN-200885830-pb-1/GbihhBMPN-200885830-pb-1_S91_L001_R2_001.fastq.gz
TAACTCTGCT,GbjbbGMPN-200885835-pb-1,UnknownLibrary,1,s3://genoptix-dragen-evaluation/MPN_Fastq/180821_M02313_0044_000000000-BV2W9/Project_MPN/Sample_GbjbbGMPN-200885835-pb-1/GbjbbGMPN-200885835-pb-1_S92_L001_R1_001.fastq.gz,s3://genoptix-dragen-evaluation/MPN_Fastq/180821_M02313_0044_000000000-BV2W9/Project_MPN/Sample_GbjbbGMPN-200885835-pb-1/GbjbbGMPN-200885835-pb-1_S92_L001_R2_001.fastq.gz
TCGAATGTGC,GbjaiCMPN-200885774-pb-2,UnknownLibrary,1,s3://genoptix-dragen-evaluation/MPN_Fastq/180821_M02313_0044_000000000-BV2W9/Project_MPN/Sample_GbjaiCMPN-200885774-pb-1/GbjaiCMPN-200885774-pb-2_S93_L001_R1_001.fastq.gz,s3://genoptix-dragen-evaluation/MPN_Fastq/180821_M02313_0044_000000000-BV2W9/Project_MPN/Sample_GbjaiCMPN-200885774-pb-1/GbjaiCMPN-200885774-pb-2_S93_L001_R2_001.fastq.gz
TCGCTGAACA,GbihgFMPN-200885779-pb-2,UnknownLibrary,1,s3://genoptix-dragen-evaluation/MPN_Fastq/180821_M02313_0044_000000000-BV2W9/Project_MPN/Sample_GbihgFMPN-200885779-pb-1/GbihgFMPN-200885779-pb-2_S94_L001_R1_001.fastq.gz,s3://genoptix-dragen-evaluation/MPN_Fastq/180821_M02313_0044_000000000-BV2W9/Project_MPN/Sample_GbihgFMPN-200885779-pb-1/GbihgFMPN-200885779-pb-2_S94_L001_R2_001.fastq.gz
GCGTTATTGC,GbjajJMPN-200885799-pb-2,UnknownLibrary,1,s3://genoptix-dragen-evaluation/MPN_Fastq/180821_M02313_0044_000000000-BV2W9/Project_MPN/Sample_GbjajJMPN-200885799-pb-1/GbjajJMPN-200885799-pb-2_S95_L001_R1_001.fastq.gz,s3://genoptix-dragen-evaluation/MPN_Fastq/180821_M02313_0044_000000000-BV2W9/Project_MPN/Sample_GbjajJMPN-200885799-pb-1/GbjajJMPN-200885799-pb-2_S95_L001_R2_001.fastq.gz
GAACTATCAC,GbjbbCMPN-200885826-pb-2,UnknownLibrary,1,s3://genoptix-dragen-evaluation/MPN_Fastq/180821_M02313_0044_000000000-BV2W9/Project_MPN/Sample_GbjbbCMPN-200885826-pb-1/GbjbbCMPN-200885826-pb-2_S96_L001_R1_001.fastq.gz,s3://genoptix-dragen-evaluation/MPN_Fastq/180821_M02313_0044_000000000-BV2W9/Project_MPN/Sample_GbjbbCMPN-200885826-pb-1/GbjbbCMPN-200885826-pb-2_S96_L001_R2_001.fastq.gz
TCGAGGTACT,GbjbbDMPN-200885827-pb-2,UnknownLibrary,1,s3://genoptix-dragen-evaluation/MPN_Fastq/180821_M02313_0044_000000000-BV2W9/Project_MPN/Sample_GbjbbDMPN-200885827-pb-1/GbjbbDMPN-200885827-pb-2_S97_L001_R1_001.fastq.gz,s3://genoptix-dragen-evaluation/MPN_Fastq/180821_M02313_0044_000000000-BV2W9/Project_MPN/Sample_GbjbbDMPN-200885827-pb-1/GbjbbDMPN-200885827-pb-2_S97_L001_R2_001.fastq.gz
TGCGGATGGT,IfdfHMPN-200885829-pb-2,UnknownLibrary,1,s3://genoptix-dragen-evaluation/MPN_Fastq/180821_M02313_0044_000000000-BV2W9/Project_MPN/Sample_IfdfHMPN-200885829-pb-1/IfdfHMPN-200885829-pb-2_S98_L001_R1_001.fastq.gz,s3://genoptix-dragen-evaluation/MPN_Fastq/180821_M02313_0044_000000000-BV2W9/Project_MPN/Sample_IfdfHMPN-200885829-pb-1/IfdfHMPN-200885829-pb-2_S98_L001_R2_001.fastq.gz
TTCGAGCTAT,GbihhBMPN-200885830-pb-2,UnknownLibrary,1,s3://genoptix-dragen-evaluation/MPN_Fastq/180821_M02313_0044_000000000-BV2W9/Project_MPN/Sample_GbihhBMPN-200885830-pb-1/GbihhBMPN-200885830-pb-2_S99_L001_R1_001.fastq.gz,s3://genoptix-dragen-evaluation/MPN_Fastq/180821_M02313_0044_000000000-BV2W9/Project_MPN/Sample_GbihhBMPN-200885830-pb-1/GbihhBMPN-200885830-pb-2_S99_L001_R2_001.fastq.gz
GGTCTGGTGT,GbjbbGMPN-200885835-pb-2,UnknownLibrary,1,s3://genoptix-dragen-evaluation/MPN_Fastq/180821_M02313_0044_000000000-BV2W9/Project_MPN/Sample_GbjbbGMPN-200885835-pb-1/GbjbbGMPN-200885835-pb-2_S100_L001_R1_001.fastq.gz,s3://genoptix-dragen-evaluation/MPN_Fastq/180821_M02313_0044_000000000-BV2W9/Project_MPN/Sample_GbjbbGMPN-200885835-pb-1/GbjbbGMPN-200885835-pb-2_S100_L001_R2_001.fastq.gz
CTAAGTCATG,GbjbcAMPN-200885840-pb-1,UnknownLibrary,1,s3://genoptix-dragen-evaluation/MPN_Fastq/180821_M02313_0044_000000000-BV2W9/Project_MPN/Sample_GbjbcAMPN-200885840-pb-1/GbjbcAMPN-200885840-pb-1_S101_L001_R1_001.fastq.gz,s3://genoptix-dragen-evaluation/MPN_Fastq/180821_M02313_0044_000000000-BV2W9/Project_MPN/Sample_GbjbcAMPN-200885840-pb-1/GbjbcAMPN-200885840-pb-1_S101_L001_R2_001.fastq.gz
TTGCAGATCA,GbjbcCMPN-200885843-bma-1,UnknownLibrary,1,s3://genoptix-dragen-evaluation/MPN_Fastq/180821_M02313_0044_000000000-BV2W9/Project_MPN/Sample_GbjbcCMPN-200885843-bma-1/GbjbcCMPN-200885843-bma-1_S102_L001_R1_001.fastq.gz,s3://genoptix-dragen-evaluation/MPN_Fastq/180821_M02313_0044_000000000-BV2W9/Project_MPN/Sample_GbjbcCMPN-200885843-bma-1/GbjbcCMPN-200885843-bma-1_S102_L001_R2_001.fastq.gz
CTGCGAATGT,GbjbcDMPN-200885845-pb-1,UnknownLibrary,1,s3://genoptix-dragen-evaluation/MPN_Fastq/180821_M02313_0044_000000000-BV2W9/Project_MPN/Sample_GbjbcDMPN-200885845-pb-1/GbjbcDMPN-200885845-pb-1_S103_L001_R1_001.fastq.gz,s3://genoptix-dragen-evaluation/MPN_Fastq/180821_M02313_0044_000000000-BV2W9/Project_MPN/Sample_GbjbcDMPN-200885845-pb-1/GbjbcDMPN-200885845-pb-1_S103_L001_R2_001.fastq.gz
CTGTTCTAGC,GbjbdIMPN-200885872-pb-1,UnknownLibrary,1,s3://genoptix-dragen-evaluation/MPN_Fastq/180821_M02313_0044_000000000-BV2W9/Project_MPN/Sample_GbjbdIMPN-200885872-pb-1/GbjbdIMPN-200885872-pb-1_S104_L001_R1_001.fastq.gz,s3://genoptix-dragen-evaluation/MPN_Fastq/180821_M02313_0044_000000000-BV2W9/Project_MPN/Sample_GbjbdIMPN-200885872-pb-1/GbjbdIMPN-200885872-pb-1_S104_L001_R2_001.fastq.gz
CACTTGTGTG,GbjbdJMPN-200885874-pb-1,UnknownLibrary,1,s3://genoptix-dragen-evaluation/MPN_Fastq/180821_M02313_0044_000000000-BV2W9/Project_MPN/Sample_GbjbdJMPN-200885874-pb-1/GbjbdJMPN-200885874-pb-1_S105_L001_R1_001.fastq.gz,s3://genoptix-dragen-evaluation/MPN_Fastq/180821_M02313_0044_000000000-BV2W9/Project_MPN/Sample_GbjbdJMPN-200885874-pb-1/GbjbdJMPN-200885874-pb-1_S105_L001_R2_001.fastq.gz
TGGATGACAT,GbjbhCMPN-200885912-pb-1,UnknownLibrary,1,s3://genoptix-dragen-evaluation/MPN_Fastq/180821_M02313_0044_000000000-BV2W9/Project_MPN/Sample_GbjbhCMPN-200885912-pb-1/GbjbhCMPN-200885912-pb-1_S106_L001_R1_001.fastq.gz,s3://genoptix-dragen-evaluation/MPN_Fastq/180821_M02313_0044_000000000-BV2W9/Project_MPN/Sample_GbjbhCMPN-200885912-pb-1/GbjbhCMPN-200885912-pb-1_S106_L001_R2_001.fastq.gz
GATCCTGAGC,NegMPN777G5-200872374-bma-1,UnknownLibrary,1,s3://genoptix-dragen-evaluation/MPN_Fastq/180821_M02313_0044_000000000-BV2W9/Project_QC_MPN/Sample_NegMPN777G5-200872374-bma-1/NegMPN777G5-200872374-bma-1_S107_L001_R1_001.fastq.gz,s3://genoptix-dragen-evaluation/MPN_Fastq/180821_M02313_0044_000000000-BV2W9/Project_QC_MPN/Sample_NegMPN777G5-200872374-bma-1/NegMPN777G5-200872374-bma-1_S107_L001_R2_001.fastq.gz
GTCGGTCTGA,PosMPN777H5-200864926-pb-1,UnknownLibrary,1,s3://genoptix-dragen-evaluation/MPN_Fastq/180821_M02313_0044_000000000-BV2W9/Project_QC_MPN/Sample_PosMPN777H5-200864926-pb-1/PosMPN777H5-200864926-pb-1_S108_L001_R1_001.fastq.gz,s3://genoptix-dragen-evaluation/MPN_Fastq/180821_M02313_0044_000000000-BV2W9/Project_QC_MPN/Sample_PosMPN777H5-200864926-pb-1/PosMPN777H5-200864926-pb-1_S108_L001_R2_001.fastq.gz
TGTTACGATC,GbjbcAMPN-200885840-pb-2,UnknownLibrary,1,s3://genoptix-dragen-evaluation/MPN_Fastq/180821_M02313_0044_000000000-BV2W9/Project_MPN/Sample_GbjbcAMPN-200885840-pb-1/GbjbcAMPN-200885840-pb-2_S109_L001_R1_001.fastq.gz,s3://genoptix-dragen-evaluation/MPN_Fastq/180821_M02313_0044_000000000-BV2W9/Project_MPN/Sample_GbjbcAMPN-200885840-pb-1/GbjbcAMPN-200885840-pb-2_S109_L001_R2_001.fastq.gz
GTCTTGGCTC,GbjbcCMPN-200885843-bma-2,UnknownLibrary,1,s3://genoptix-dragen-evaluation/MPN_Fastq/180821_M02313_0044_000000000-BV2W9/Project_MPN/Sample_GbjbcCMPN-200885843-bma-1/GbjbcCMPN-200885843-bma-2_S110_L001_R1_001.fastq.gz,s3://genoptix-dragen-evaluation/MPN_Fastq/180821_M02313_0044_000000000-BV2W9/Project_MPN/Sample_GbjbcCMPN-200885843-bma-1/GbjbcCMPN-200885843-bma-2_S110_L001_R2_001.fastq.gz
GGTCGTGCAT,GbjbcDMPN-200885845-pb-2,UnknownLibrary,1,s3://genoptix-dragen-evaluation/MPN_Fastq/180821_M02313_0044_000000000-BV2W9/Project_MPN/Sample_GbjbcDMPN-200885845-pb-1/GbjbcDMPN-200885845-pb-2_S111_L001_R1_001.fastq.gz,s3://genoptix-dragen-evaluation/MPN_Fastq/180821_M02313_0044_000000000-BV2W9/Project_MPN/Sample_GbjbcDMPN-200885845-pb-1/GbjbcDMPN-200885845-pb-2_S111_L001_R2_001.fastq.gz
CAGGCTCAGT,GbjbdIMPN-200885872-pb-2,UnknownLibrary,1,s3://genoptix-dragen-evaluation/MPN_Fastq/180821_M02313_0044_000000000-BV2W9/Project_MPN/Sample_GbjbdIMPN-200885872-pb-1/GbjbdIMPN-200885872-pb-2_S112_L001_R1_001.fastq.gz,s3://genoptix-dragen-evaluation/MPN_Fastq/180821_M02313_0044_000000000-BV2W9/Project_MPN/Sample_GbjbdIMPN-200885872-pb-1/GbjbdIMPN-200885872-pb-2_S112_L001_R2_001.fastq.gz
TAGCTTCACT,GbjbdJMPN-200885874-pb-2,UnknownLibrary,1,s3://genoptix-dragen-evaluation/MPN_Fastq/180821_M02313_0044_000000000-BV2W9/Project_MPN/Sample_GbjbdJMPN-200885874-pb-1/GbjbdJMPN-200885874-pb-2_S113_L001_R1_001.fastq.gz,s3://genoptix-dragen-evaluation/MPN_Fastq/180821_M02313_0044_000000000-BV2W9/Project_MPN/Sample_GbjbdJMPN-200885874-pb-1/GbjbdJMPN-200885874-pb-2_S113_L001_R2_001.fastq.gz
CAGATGTCCT,GbjbhCMPN-200885912-pb-2,UnknownLibrary,1,s3://genoptix-dragen-evaluation/MPN_Fastq/180821_M02313_0044_000000000-BV2W9/Project_MPN/Sample_GbjbhCMPN-200885912-pb-1/GbjbhCMPN-200885912-pb-2_S114_L001_R1_001.fastq.gz,s3://genoptix-dragen-evaluation/MPN_Fastq/180821_M02313_0044_000000000-BV2W9/Project_MPN/Sample_GbjbhCMPN-200885912-pb-1/GbjbhCMPN-200885912-pb-2_S114_L001_R2_001.fastq.gz
TTACGCAGTG,NegMPN777G5-200872374-bma-2,UnknownLibrary,1,s3://genoptix-dragen-evaluation/MPN_Fastq/180821_M02313_0044_000000000-BV2W9/Project_QC_MPN/Sample_NegMPN777G5-200872374-bma-1/NegMPN777G5-200872374-bma-2_S115_L001_R1_001.fastq.gz,s3://genoptix-dragen-evaluation/MPN_Fastq/180821_M02313_0044_000000000-BV2W9/Project_QC_MPN/Sample_NegMPN777G5-200872374-bma-1/NegMPN777G5-200872374-bma-2_S115_L001_R2_001.fastq.gz
TTCGTTCCTG,PosMPN777H5-200864926-pb-2,UnknownLibrary,1,s3://genoptix-dragen-evaluation/MPN_Fastq/180821_M02313_0044_000000000-BV2W9/Project_QC_MPN/Sample_PosMPN777H5-200864926-pb-1/PosMPN777H5-200864926-pb-2_S116_L001_R1_001.fastq.gz,s3://genoptix-dragen-evaluation/MPN_Fastq/180821_M02313_0044_000000000-BV2W9/Project_QC_MPN/Sample_PosMPN777H5-200864926-pb-1/PosMPN777H5-200864926-pb-2_S116_L001_R2_001.fastq.gz
TCTAGCGTGG,GbjbcFMPN-200885849-pb-1,UnknownLibrary,1,s3://genoptix-dragen-evaluation/MPN_Fastq/180821_M02313_0044_000000000-BV2W9/Project_MPN/Sample_GbjbcFMPN-200885849-pb-1/GbjbcFMPN-200885849-pb-1_S117_L001_R1_001.fastq.gz,s3://genoptix-dragen-evaluation/MPN_Fastq/180821_M02313_0044_000000000-BV2W9/Project_MPN/Sample_GbjbcFMPN-200885849-pb-1/GbjbcFMPN-200885849-pb-1_S117_L001_R2_001.fastq.gz
GCATAATCGC,GbjdiEMPN-200886219-pb-1,UnknownLibrary,1,s3://genoptix-dragen-evaluation/MPN_Fastq/180821_M02313_0044_000000000-BV2W9/Project_MPN/Sample_GbjdiEMPN-200886219-pb-1/GbjdiEMPN-200886219-pb-1_S118_L001_R1_001.fastq.gz,s3://genoptix-dragen-evaluation/MPN_Fastq/180821_M02313_0044_000000000-BV2W9/Project_MPN/Sample_GbjdiEMPN-200886219-pb-1/GbjdiEMPN-200886219-pb-1_S118_L001_R2_001.fastq.gz
GTCGTAACAC,GbjdbBMPN-200886104-bma-1,UnknownLibrary,1,s3://genoptix-dragen-evaluation/MPN_Fastq/180821_M02313_0044_000000000-BV2W9/Project_MPN/Sample_GbjdbBMPN-200886104-bma-1/GbjdbBMPN-200886104-bma-1_S119_L001_R1_001.fastq.gz,s3://genoptix-dragen-evaluation/MPN_Fastq/180821_M02313_0044_000000000-BV2W9/Project_MPN/Sample_GbjdbBMPN-200886104-bma-1/GbjdbBMPN-200886104-bma-1_S119_L001_R2_001.fastq.gz
GAGATTGCTA,GbjbdBMPN-200885858-pb-1,UnknownLibrary,1,s3://genoptix-dragen-evaluation/MPN_Fastq/180821_M02313_0044_000000000-BV2W9/Project_MPN/Sample_GbjbdBMPN-200885858-pb-1/GbjbdBMPN-200885858-pb-1_S120_L001_R1_001.fastq.gz,s3://genoptix-dragen-evaluation/MPN_Fastq/180821_M02313_0044_000000000-BV2W9/Project_MPN/Sample_GbjbdBMPN-200885858-pb-1/GbjbdBMPN-200885858-pb-1_S120_L001_R2_001.fastq.gz
GGACAGATGG,GbbffGMPN-200885679-pb-1,UnknownLibrary,1,s3://genoptix-dragen-evaluation/MPN_Fastq/180821_M02313_0044_000000000-BV2W9/Project_MPN/Sample_GbbffGMPN-200885679-pb-1/GbbffGMPN-200885679-pb-1_S121_L001_R1_001.fastq.gz,s3://genoptix-dragen-evaluation/MPN_Fastq/180821_M02313_0044_000000000-BV2W9/Project_MPN/Sample_GbbffGMPN-200885679-pb-1/GbbffGMPN-200885679-pb-1_S121_L001_R2_001.fastq.gz
CTTACGTTGC,GbjdcGMPN-200886134-pb-1,UnknownLibrary,1,s3://genoptix-dragen-evaluation/MPN_Fastq/180821_M02313_0044_000000000-BV2W9/Project_MPN/Sample_GbjdcGMPN-200886134-pb-1/GbjdcGMPN-200886134-pb-1_S122_L001_R1_001.fastq.gz,s3://genoptix-dragen-evaluation/MPN_Fastq/180821_M02313_0044_000000000-BV2W9/Project_MPN/Sample_GbjdcGMPN-200886134-pb-1/GbjdcGMPN-200886134-pb-1_S122_L001_R2_001.fastq.gz
GTGTTCGGTC,GbjbgFMPN-200886135-pb-1,UnknownLibrary,1,s3://genoptix-dragen-evaluation/MPN_Fastq/180821_M02313_0044_000000000-BV2W9/Project_MPN/Sample_GbjbgFMPN-200886135-pb-1/GbjbgFMPN-200886135-pb-1_S123_L001_R1_001.fastq.gz,s3://genoptix-dragen-evaluation/MPN_Fastq/180821_M02313_0044_000000000-BV2W9/Project_MPN/Sample_GbjbgFMPN-200886135-pb-1/GbjbgFMPN-200886135-pb-1_S123_L001_R2_001.fastq.gz
TCTCGGATAG,GbjbcFMPN-200885849-pb-2,UnknownLibrary,1,s3://genoptix-dragen-evaluation/MPN_Fastq/180821_M02313_0044_000000000-BV2W9/Project_MPN/Sample_GbjbcFMPN-200885849-pb-1/GbjbcFMPN-200885849-pb-2_S124_L001_R1_001.fastq.gz,s3://genoptix-dragen-evaluation/MPN_Fastq/180821_M02313_0044_000000000-BV2W9/Project_MPN/Sample_GbjbcFMPN-200885849-pb-1/GbjbcFMPN-200885849-pb-2_S124_L001_R2_001.fastq.gz
CTCTGGACGA,GbjdiEMPN-200886219-pb-2,UnknownLibrary,1,s3://genoptix-dragen-evaluation/MPN_Fastq/180821_M02313_0044_000000000-BV2W9/Project_MPN/Sample_GbjdiEMPN-200886219-pb-1/GbjdiEMPN-200886219-pb-2_S125_L001_R1_001.fastq.gz,s3://genoptix-dragen-evaluation/MPN_Fastq/180821_M02313_0044_000000000-BV2W9/Project_MPN/Sample_GbjdiEMPN-200886219-pb-1/GbjdiEMPN-200886219-pb-2_S125_L001_R2_001.fastq.gz
CGAGCATTGT,GbjdbBMPN-200886104-bma-2,UnknownLibrary,1,s3://genoptix-dragen-evaluation/MPN_Fastq/180821_M02313_0044_000000000-BV2W9/Project_MPN/Sample_GbjdbBMPN-200886104-bma-1/GbjdbBMPN-200886104-bma-2_S126_L001_R1_001.fastq.gz,s3://genoptix-dragen-evaluation/MPN_Fastq/180821_M02313_0044_000000000-BV2W9/Project_MPN/Sample_GbjdbBMPN-200886104-bma-1/GbjdbBMPN-200886104-bma-2_S126_L001_R2_001.fastq.gz
CCAAGAAGAA,GbjbdBMPN-200885858-pb-2,UnknownLibrary,1,s3://genoptix-dragen-evaluation/MPN_Fastq/180821_M02313_0044_000000000-BV2W9/Project_MPN/Sample_GbjbdBMPN-200885858-pb-1/GbjbdBMPN-200885858-pb-2_S127_L001_R1_001.fastq.gz,s3://genoptix-dragen-evaluation/MPN_Fastq/180821_M02313_0044_000000000-BV2W9/Project_MPN/Sample_GbjbdBMPN-200885858-pb-1/GbjbdBMPN-200885858-pb-2_S127_L001_R2_001.fastq.gz
TCCTTGTTCT,GbbffGMPN-200885679-pb-2,UnknownLibrary,1,s3://genoptix-dragen-evaluation/MPN_Fastq/180821_M02313_0044_000000000-BV2W9/Project_MPN/Sample_GbbffGMPN-200885679-pb-1/GbbffGMPN-200885679-pb-2_S128_L001_R1_001.fastq.gz,s3://genoptix-dragen-evaluation/MPN_Fastq/180821_M02313_0044_000000000-BV2W9/Project_MPN/Sample_GbbffGMPN-200885679-pb-1/GbbffGMPN-200885679-pb-2_S128_L001_R2_001.fastq.gz
GTAACGATGT,GbjdcGMPN-200886134-pb-2,UnknownLibrary,1,s3://genoptix-dragen-evaluation/MPN_Fastq/180821_M02313_0044_000000000-BV2W9/Project_MPN/Sample_GbjdcGMPN-200886134-pb-1/GbjdcGMPN-200886134-pb-2_S129_L001_R1_001.fastq.gz,s3://genoptix-dragen-evaluation/MPN_Fastq/180821_M02313_0044_000000000-BV2W9/Project_MPN/Sample_GbjdcGMPN-200886134-pb-1/GbjdcGMPN-200886134-pb-2_S129_L001_R2_001.fastq.gz
TGGACTCAGA,GbjbgFMPN-200886135-pb-2,UnknownLibrary,1,s3://genoptix-dragen-evaluation/MPN_Fastq/180821_M02313_0044_000000000-BV2W9/Project_MPN/Sample_GbjbgFMPN-200886135-pb-1/GbjbgFMPN-200886135-pb-2_S130_L001_R1_001.fastq.gz,s3://genoptix-dragen-evaluation/MPN_Fastq/180821_M02313_0044_000000000-BV2W9/Project_MPN/Sample_GbjbgFMPN-200886135-pb-1/GbjbgFMPN-200886135-pb-2_S130_L001_R2_001.fastq.gz
GGCATCATGC,GbjdgIMPN-200886194-pb-1,UnknownLibrary,1,s3://genoptix-dragen-evaluation/MPN_Fastq/180821_M02313_0044_000000000-BV2W9/Project_MPN/Sample_GbjdgIMPN-200886194-pb-1/GbjdgIMPN-200886194-pb-1_S131_L001_R1_001.fastq.gz,s3://genoptix-dragen-evaluation/MPN_Fastq/180821_M02313_0044_000000000-BV2W9/Project_MPN/Sample_GbjdgIMPN-200886194-pb-1/GbjdgIMPN-200886194-pb-1_S131_L001_R2_001.fastq.gz
GTATAACGCT,GbjciEMPN-200886066-bma-1,UnknownLibrary,1,s3://genoptix-dragen-evaluation/MPN_Fastq/180821_M02313_0044_000000000-BV2W9/Project_MPN/Sample_GbjciEMPN-200886066-bma-1/GbjciEMPN-200886066-bma-1_S132_L001_R1_001.fastq.gz,s3://genoptix-dragen-evaluation/MPN_Fastq/180821_M02313_0044_000000000-BV2W9/Project_MPN/Sample_GbjciEMPN-200886066-bma-1/GbjciEMPN-200886066-bma-1_S132_L001_R2_001.fastq.gz
GCAGATAAGT,GbjddGMPN-200886152-pb-1,UnknownLibrary,1,s3://genoptix-dragen-evaluation/MPN_Fastq/180821_M02313_0044_000000000-BV2W9/Project_MPN/Sample_GbjddGMPN-200886152-pb-1/GbjddGMPN-200886152-pb-1_S133_L001_R1_001.fastq.gz,s3://genoptix-dragen-evaluation/MPN_Fastq/180821_M02313_0044_000000000-BV2W9/Project_MPN/Sample_GbjddGMPN-200886152-pb-1/GbjddGMPN-200886152-pb-1_S133_L001_R2_001.fastq.gz
GTCGGCTCTA,GbjbgEMPN-200885904-pb-1,UnknownLibrary,1,s3://genoptix-dragen-evaluation/MPN_Fastq/180821_M02313_0044_000000000-BV2W9/Project_MPN/Sample_GbjbgEMPN-200885904-pb-1/GbjbgEMPN-200885904-pb-1_S134_L001_R1_001.fastq.gz,s3://genoptix-dragen-evaluation/MPN_Fastq/180821_M02313_0044_000000000-BV2W9/Project_MPN/Sample_GbjbgEMPN-200885904-pb-1/GbjbgEMPN-200885904-pb-1_S134_L001_R2_001.fastq.gz
TTCGATAGCA,GbijgCMPN-200885633-pb-1,UnknownLibrary,1,s3://genoptix-dragen-evaluation/MPN_Fastq/180821_M02313_0044_000000000-BV2W9/Project_MPN/Sample_GbijgCMPN-200885633-pb-1/GbijgCMPN-200885633-pb-1_S135_L001_R1_001.fastq.gz,s3://genoptix-dragen-evaluation/MPN_Fastq/180821_M02313_0044_000000000-BV2W9/Project_MPN/Sample_GbijgCMPN-200885633-pb-1/GbijgCMPN-200885633-pb-1_S135_L001_R2_001.fastq.gz
GTCTAGCAGG,GbjdgAMPN-200886266-pb-1,UnknownLibrary,1,s3://genoptix-dragen-evaluation/MPN_Fastq/180821_M02313_0044_000000000-BV2W9/Project_MPN/Sample_GbjdgAMPN-200886266-pb-1/GbjdgAMPN-200886266-pb-1_S136_L001_R1_001.fastq.gz,s3://genoptix-dragen-evaluation/MPN_Fastq/180821_M02313_0044_000000000-BV2W9/Project_MPN/Sample_GbjdgAMPN-200886266-pb-1/GbjdgAMPN-200886266-pb-1_S136_L001_R2_001.fastq.gz
GGAACACAGG,GbjdcJMPN-200886141-pb-1,UnknownLibrary,1,s3://genoptix-dragen-evaluation/MPN_Fastq/180821_M02313_0044_000000000-BV2W9/Project_MPN/Sample_GbjdcJMPN-200886141-pb-1/GbjdcJMPN-200886141-pb-1_S137_L001_R1_001.fastq.gz,s3://genoptix-dragen-evaluation/MPN_Fastq/180821_M02313_0044_000000000-BV2W9/Project_MPN/Sample_GbjdcJMPN-200886141-pb-1/GbjdcJMPN-200886141-pb-1_S137_L001_R2_001.fastq.gz
CACATTAGCG,GbjdgIMPN-200886194-pb-2,UnknownLibrary,1,s3://genoptix-dragen-evaluation/MPN_Fastq/180821_M02313_0044_000000000-BV2W9/Project_MPN/Sample_GbjdgIMPN-200886194-pb-1/GbjdgIMPN-200886194-pb-2_S138_L001_R1_001.fastq.gz,s3://genoptix-dragen-evaluation/MPN_Fastq/180821_M02313_0044_000000000-BV2W9/Project_MPN/Sample_GbjdgIMPN-200886194-pb-1/GbjdgIMPN-200886194-pb-2_S138_L001_R2_001.fastq.gz
GAAGCGCACT,GbjciEMPN-200886066-bma-2,UnknownLibrary,1,s3://genoptix-dragen-evaluation/MPN_Fastq/180821_M02313_0044_000000000-BV2W9/Project_MPN/Sample_GbjciEMPN-200886066-bma-1/GbjciEMPN-200886066-bma-2_S139_L001_R1_001.fastq.gz,s3://genoptix-dragen-evaluation/MPN_Fastq/180821_M02313_0044_000000000-BV2W9/Project_MPN/Sample_GbjciEMPN-200886066-bma-1/GbjciEMPN-200886066-bma-2_S139_L001_R2_001.fastq.gz
GCATGCCAGT,GbjddGMPN-200886152-pb-2,UnknownLibrary,1,s3://genoptix-dragen-evaluation/MPN_Fastq/180821_M02313_0044_000000000-BV2W9/Project_MPN/Sample_GbjddGMPN-200886152-pb-1/GbjddGMPN-200886152-pb-2_S140_L001_R1_001.fastq.gz,s3://genoptix-dragen-evaluation/MPN_Fastq/180821_M02313_0044_000000000-BV2W9/Project_MPN/Sample_GbjddGMPN-200886152-pb-1/GbjddGMPN-200886152-pb-2_S140_L001_R2_001.fastq.gz
GGAGACTGTA,GbjbgEMPN-200885904-pb-2,UnknownLibrary,1,s3://genoptix-dragen-evaluation/MPN_Fastq/180821_M02313_0044_000000000-BV2W9/Project_MPN/Sample_GbjbgEMPN-200885904-pb-1/GbjbgEMPN-200885904-pb-2_S141_L001_R1_001.fastq.gz,s3://genoptix-dragen-evaluation/MPN_Fastq/180821_M02313_0044_000000000-BV2W9/Project_MPN/Sample_GbjbgEMPN-200885904-pb-1/GbjbgEMPN-200885904-pb-2_S141_L001_R2_001.fastq.gz
TCGAACTGCA,GbijgCMPN-200885633-pb-2,UnknownLibrary,1,s3://genoptix-dragen-evaluation/MPN_Fastq/180821_M02313_0044_000000000-BV2W9/Project_MPN/Sample_GbijgCMPN-200885633-pb-1/GbijgCMPN-200885633-pb-2_S142_L001_R1_001.fastq.gz,s3://genoptix-dragen-evaluation/MPN_Fastq/180821_M02313_0044_000000000-BV2W9/Project_MPN/Sample_GbijgCMPN-200885633-pb-1/GbijgCMPN-200885633-pb-2_S142_L001_R2_001.fastq.gz
GAGAGGACAT,GbjdgAMPN-200886266-pb-2,UnknownLibrary,1,s3://genoptix-dragen-evaluation/MPN_Fastq/180821_M02313_0044_000000000-BV2W9/Project_MPN/Sample_GbjdgAMPN-200886266-pb-1/GbjdgAMPN-200886266-pb-2_S143_L001_R1_001.fastq.gz,s3://genoptix-dragen-evaluation/MPN_Fastq/180821_M02313_0044_000000000-BV2W9/Project_MPN/Sample_GbjdgAMPN-200886266-pb-1/GbjdgAMPN-200886266-pb-2_S143_L001_R2_001.fastq.gz
GAGCACGGAA,GbjdcJMPN-200886141-pb-2,UnknownLibrary,1,s3://genoptix-dragen-evaluation/MPN_Fastq/180821_M02313_0044_000000000-BV2W9/Project_MPN/Sample_GbjdcJMPN-200886141-pb-1/GbjdcJMPN-200886141-pb-2_S144_L001_R1_001.fastq.gz,s3://genoptix-dragen-evaluation/MPN_Fastq/180821_M02313_0044_000000000-BV2W9/Project_MPN/Sample_GbjdcJMPN-200886141-pb-1/GbjdcJMPN-200886141-pb-2_S144_L001_R2_001.fastq.gz
TGCATGGAGC,GbjeaGMPN-200886249-pb-1,UnknownLibrary,1,s3://genoptix-dragen-evaluation/MPN_Fastq/180821_M02313_0044_000000000-BV2W9/Project_MPN/Sample_GbjeaGMPN-200886249-pb-1/GbjeaGMPN-200886249-pb-1_S145_L001_R1_001.fastq.gz,s3://genoptix-dragen-evaluation/MPN_Fastq/180821_M02313_0044_000000000-BV2W9/Project_MPN/Sample_GbjeaGMPN-200886249-pb-1/GbjeaGMPN-200886249-pb-1_S145_L001_R2_001.fastq.gz
GTACTAAGAG,GbjeaCMPN-200886244-pb-1,UnknownLibrary,1,s3://genoptix-dragen-evaluation/MPN_Fastq/180821_M02313_0044_000000000-BV2W9/Project_MPN/Sample_GbjeaCMPN-200886244-pb-1/GbjeaCMPN-200886244-pb-1_S146_L001_R1_001.fastq.gz,s3://genoptix-dragen-evaluation/MPN_Fastq/180821_M02313_0044_000000000-BV2W9/Project_MPN/Sample_GbjeaCMPN-200886244-pb-1/GbjeaCMPN-200886244-pb-1_S146_L001_R2_001.fastq.gz
GAAGTCAAGC,GbjceFMPN-200886024-pb-1,UnknownLibrary,1,s3://genoptix-dragen-evaluation/MPN_Fastq/180821_M02313_0044_000000000-BV2W9/Project_MPN/Sample_GbjceFMPN-200886024-pb-1/GbjceFMPN-200886024-pb-1_S147_L001_R1_001.fastq.gz,s3://genoptix-dragen-evaluation/MPN_Fastq/180821_M02313_0044_000000000-BV2W9/Project_MPN/Sample_GbjceFMPN-200886024-pb-1/GbjceFMPN-200886024-pb-1_S147_L001_R2_001.fastq.gz
GCGCATTATG,GbcfiEMPN-200886263-pb-1,UnknownLibrary,1,s3://genoptix-dragen-evaluation/MPN_Fastq/180821_M02313_0044_000000000-BV2W9/Project_MPN/Sample_GbcfiEMPN-200886263-pb-1/GbcfiEMPN-200886263-pb-1_S148_L001_R1_001.fastq.gz,s3://genoptix-dragen-evaluation/MPN_Fastq/180821_M02313_0044_000000000-BV2W9/Project_MPN/Sample_GbcfiEMPN-200886263-pb-1/GbcfiEMPN-200886263-pb-1_S148_L001_R2_001.fastq.gz
GTCCAGACAT,GbiijCMPN-200885517-pb-1,UnknownLibrary,1,s3://genoptix-dragen-evaluation/MPN_Fastq/180821_M02313_0044_000000000-BV2W9/Project_MPN/Sample_GbiijCMPN-200885517-pb-1/GbiijCMPN-200885517-pb-1_S149_L001_R1_001.fastq.gz,s3://genoptix-dragen-evaluation/MPN_Fastq/180821_M02313_0044_000000000-BV2W9/Project_MPN/Sample_GbiijCMPN-200885517-pb-1/GbiijCMPN-200885517-pb-1_S149_L001_R2_001.fastq.gz
GAGACCTCTA,PosMPN778G5-200864926-pb-1,UnknownLibrary,1,s3://genoptix-dragen-evaluation/MPN_Fastq/180821_M02313_0044_000000000-BV2W9/Project_QC_MPN/Sample_PosMPN778G5-200864926-pb-1/PosMPN778G5-200864926-pb-1_S150_L001_R1_001.fastq.gz,s3://genoptix-dragen-evaluation/MPN_Fastq/180821_M02313_0044_000000000-BV2W9/Project_QC_MPN/Sample_PosMPN778G5-200864926-pb-1/PosMPN778G5-200864926-pb-1_S150_L001_R2_001.fastq.gz
TTGCACTCAG,NegMPN778H5-200872374-bma-1,UnknownLibrary,1,s3://genoptix-dragen-evaluation/MPN_Fastq/180821_M02313_0044_000000000-BV2W9/Project_QC_MPN/Sample_NegMPN778H5-200872374-bma-1/NegMPN778H5-200872374-bma-1_S151_L001_R1_001.fastq.gz,s3://genoptix-dragen-evaluation/MPN_Fastq/180821_M02313_0044_000000000-BV2W9/Project_QC_MPN/Sample_NegMPN778H5-200872374-bma-1/NegMPN778H5-200872374-bma-1_S151_L001_R2_001.fastq.gz
AGTTGCTAGT,GbjeaGMPN-200886249-pb-2,UnknownLibrary,1,s3://genoptix-dragen-evaluation/MPN_Fastq/180821_M02313_0044_000000000-BV2W9/Project_MPN/Sample_GbjeaGMPN-200886249-pb-1/GbjeaGMPN-200886249-pb-2_S152_L001_R1_001.fastq.gz,s3://genoptix-dragen-evaluation/MPN_Fastq/180821_M02313_0044_000000000-BV2W9/Project_MPN/Sample_GbjeaGMPN-200886249-pb-1/GbjeaGMPN-200886249-pb-2_S152_L001_R2_001.fastq.gz
AGGATTGAGG,GbjeaCMPN-200886244-pb-2,UnknownLibrary,1,s3://genoptix-dragen-evaluation/MPN_Fastq/180821_M02313_0044_000000000-BV2W9/Project_MPN/Sample_GbjeaCMPN-200886244-pb-1/GbjeaCMPN-200886244-pb-2_S153_L001_R1_001.fastq.gz,s3://genoptix-dragen-evaluation/MPN_Fastq/180821_M02313_0044_000000000-BV2W9/Project_MPN/Sample_GbjeaCMPN-200886244-pb-1/GbjeaCMPN-200886244-pb-2_S153_L001_R2_001.fastq.gz
CCAGAACAGA,GbjceFMPN-200886024-pb-2,UnknownLibrary,1,s3://genoptix-dragen-evaluation/MPN_Fastq/180821_M02313_0044_000000000-BV2W9/Project_MPN/Sample_GbjceFMPN-200886024-pb-1/GbjceFMPN-200886024-pb-2_S154_L001_R1_001.fastq.gz,s3://genoptix-dragen-evaluation/MPN_Fastq/180821_M02313_0044_000000000-BV2W9/Project_MPN/Sample_GbjceFMPN-200886024-pb-1/GbjceFMPN-200886024-pb-2_S154_L001_R2_001.fastq.gz
CGTCAAGCAT,GbcfiEMPN-200886263-pb-2,UnknownLibrary,1,s3://genoptix-dragen-evaluation/MPN_Fastq/180821_M02313_0044_000000000-BV2W9/Project_MPN/Sample_GbcfiEMPN-200886263-pb-1/GbcfiEMPN-200886263-pb-2_S155_L001_R1_001.fastq.gz,s3://genoptix-dragen-evaluation/MPN_Fastq/180821_M02313_0044_000000000-BV2W9/Project_MPN/Sample_GbcfiEMPN-200886263-pb-1/GbcfiEMPN-200886263-pb-2_S155_L001_R2_001.fastq.gz
TTGTCGAGAC,GbiijCMPN-200885517-pb-2,UnknownLibrary,1,s3://genoptix-dragen-evaluation/MPN_Fastq/180821_M02313_0044_000000000-BV2W9/Project_MPN/Sample_GbiijCMPN-200885517-pb-1/GbiijCMPN-200885517-pb-2_S156_L001_R1_001.fastq.gz,s3://genoptix-dragen-evaluation/MPN_Fastq/180821_M02313_0044_000000000-BV2W9/Project_MPN/Sample_GbiijCMPN-200885517-pb-1/GbiijCMPN-200885517-pb-2_S156_L001_R2_001.fastq.gz
GACAGGTGAC,PosMPN778G5-200864926-pb-2,UnknownLibrary,1,s3://genoptix-dragen-evaluation/MPN_Fastq/180821_M02313_0044_000000000-BV2W9/Project_QC_MPN/Sample_PosMPN778G5-200864926-pb-1/PosMPN778G5-200864926-pb-2_S157_L001_R1_001.fastq.gz,s3://genoptix-dragen-evaluation/MPN_Fastq/180821_M02313_0044_000000000-BV2W9/Project_QC_MPN/Sample_PosMPN778G5-200864926-pb-1/PosMPN778G5-200864926-pb-2_S157_L001_R2_001.fastq.gz
CTGACAAGTG,NegMPN778H5-200872374-bma-2,UnknownLibrary,1,s3://genoptix-dragen-evaluation/MPN_Fastq/180821_M02313_0044_000000000-BV2W9/Project_QC_MPN/Sample_NegMPN778H5-200872374-bma-1/NegMPN778H5-200872374-bma-2_S158_L001_R1_001.fastq.gz,s3://genoptix-dragen-evaluation/MPN_Fastq/180821_M02313_0044_000000000-BV2W9/Project_QC_MPN/Sample_NegMPN778H5-200872374-bma-1/NegMPN778H5-200872374-bma-2_S158_L001_R2_001.fastq.gz
